<mod name="Throwables Module">
	<AssetUpdates id="Throwables Module" version="6">
        <custom_provider version_api_url="https://drnewbie.github.io/ThrowablesModule/Release/__Throwables%20Module.txt" download_url="https://drnewbie.github.io/ThrowablesModule/Release/__Throwables%20Module.zip"/>
    </AssetUpdates>
	<Hooks directory="Hooks">
        <hook file="clientnetworksession.lua" source_file="lib/network/base/clientnetworksession"/>
        <hook file="blackmarketmanager.lua" source_file="lib/managers/blackmarketmanager"/>
        <hook file="basenetworksession.lua" source_file="lib/network/base/basenetworksession"/>
		<hook file="networkpeer.lua" source_file="lib/network/base/networkpeer"/>
		<hook file="SyncCheck.lua" source_file="lib/managers/localizationmanager"/>
	</Hooks>
	<Modules directory="Modules">
		<module file="ThrowablesModule.lua" name="ThrowablesModule" type_name="Throwables"/>
	</Modules>
</mod>