<mod name="Cluster Bomb" global_key="ClusterBomb">
	<Localization directory="Loc" default="english.txt"/>
	<AssetUpdates id="ClusterBomb" version="4">
        <custom_provider 
			version_api_url="https://drnewbie.github.io/ThrowablesModule/Release/ClusterBomb.txt" 
			download_url="https://drnewbie.github.io/ThrowablesModule/Release/ClusterBomb.zip"/>
    </AssetUpdates>
	<Throwables id="frag_cluster" based_on="concussion" time_cheat="0.1" no_cheat_count="true" unit="units/payday2/weapons/wpn_frag_grenade_com/wpn_frag_grenade_cluster" local_unit="units/payday2/weapons/wpn_frag_grenade_com/wpn_frag_grenade_cluster">
	</Throwables>
	<Hooks directory="Hooks">
		<hook file="tweakdata.lua" source_file="lib/tweak_data/tweakdata"/>
		<hook file="fraggrenade.lua" source_file="lib/units/weapons/grenades/fraggrenade"/>
		<hook file="use_new_throw_projectile_func.lua" source_file="lib/units/beings/player/states/playerstandard"/>
	</Hooks>	
	<AddFiles directory="Assets">
		<unit path="units/payday2/weapons/wpn_frag_grenade_com/wpn_frag_grenade_cluster"/>	
		<!-- https://modworkshop.net/mod/16704 -->
		<texture path="guis/textures/pd2/blackmarket/icons/grenades/frag_cluster"/>
	</AddFiles>
</mod>