<table name="Snowball">
	<Localization directory="loc" default="english.txt"/>
	<AddFiles directory="assets" auto_generate="true"/>
	<AssetUpdates id="Snowball" version="1">
        <custom_provider 
			version_api_url="https://drnewbie.github.io/ThrowablesModule/Release/Snowball.txt" 
			download_url="https://drnewbie.github.io/ThrowablesModule/Release/Snowball.zip"/>
    </AssetUpdates>
	<Throwables id="xmas_snowball" 
		based_on="concussion" 
		name_id="bm_grenade_xmas_snowball"
		unit="units/pd2_dlc_xm21/weapons/wpn_xmas_snowball/wpn_xmas_snowball"
		unit_dummy="units/pd2_dlc_xm21/weapons/wpn_xmas_snowball/wpn_xmas_snowball_husk"
		local_unit="units/pd2_dlc_xm21/weapons/wpn_xmas_snowball/wpn_xmas_snowball_local"
		icon="guis/dlcs/xm21/textures/pd2/hud_snowball"
		texture_bundle_folder="xm21"
		base_cooldown="2"
		no_shouting="true"
		impact_detonation="true"
		client_authoritative="true"
		no_cheat_count="true"
		add_trail_effect="true"
		is_a_grenade="true"
		throwable="true"
		max_amount="6"
		throw_allowed_expire_t="0.15"
		expire_t="0.8"
		repeat_expire_t="0.15"
	/>
	<Hooks directory="Hooks">
		<hook file="tweakdata.lua" source_file="lib/tweak_data/tweakdata"/>
		<hook file="raycastweaponbase.lua" source_file="lib/units/weapons/raycastweaponbase"/>
		<hook file="use_new_throw_projectile_func.lua" source_file="lib/units/beings/player/states/playerstandard"/>
	</Hooks>
</table>